Const,Your Rating,Date Rated,Title,URL,Title Type,IMDb Rating,Runtime (mins),Year,Genres,Num Votes,Release Date,Directors
tt1010048,8,2017-04-16,Slumdog Millionaire,https://www.imdb.com/title/tt1010048/,movie,8.0,120,2008,"Drama, Romance",731505,2008-08-30,"Loveleen Tandan, Danny Boyle"
tt1010278,8,2016-04-24,The Courageous Heart of Irena Sendler,https://www.imdb.com/title/tt1010278/,tvMovie,7.3,95,2009,"Biography, Drama, War",3408,2009-04-19,John Kent Harrison
tt1020072,8,2017-03-26,Selma,https://www.imdb.com/title/tt1020072/,movie,7.5,128,2014,"Biography, Drama, History",75764,2014-11-11,Ava DuVernay
tt0102057,7,2018-01-06,Hook,https://www.imdb.com/title/tt0102057/,movie,6.7,142,1991,"Adventure, Comedy, Family, Fantasy",209019,1991-12-08,Steven Spielberg
tt1023114,8,2016-11-05,The Way Back,https://www.imdb.com/title/tt1023114/,movie,7.3,133,2010,"Adventure, Drama, History",100285,2010-09-03,Peter Weir
tt1028532,7,2016-02-29,Hachi: A Dog's Tale,https://www.imdb.com/title/tt1028532/,movie,8.1,93,2009,"Drama, Family",215631,2009-06-13,Lasse Hallström
tt0102926,8,2015-02-07,The Silence of the Lambs,https://www.imdb.com/title/tt0102926/,movie,8.6,118,1991,"Crime, Drama, Thriller",1093498,1991-01-30,Jonathan Demme
tt0103064,8,2015-02-07,Terminator 2: Judgment Day,https://www.imdb.com/title/tt0103064/,movie,8.5,137,1991,"Action, Sci-Fi",881866,1991-07-01,James Cameron
tt1034303,8,2015-04-05,Defiance,https://www.imdb.com/title/tt1034303/,movie,7.2,137,2008,"Action, Drama, History, Thriller, War",128453,2008-12-31,Edward Zwick
tt0104431,6,2015-03-08,Home Alone 2: Lost in New York,https://www.imdb.com/title/tt0104431/,movie,6.7,120,1992,"Adventure, Comedy, Family",256183,1992-11-15,Chris Columbus
tt1049413,7,2015-02-07,Up,https://www.imdb.com/title/tt1049413/,movie,8.3,96,2009,"Animation, Adventure, Comedy, Family",818686,2009-05-13,"Pete Docter, Bob Peterson"
tt0105236,8,2015-02-07,Reservoir Dogs,https://www.imdb.com/title/tt0105236/,movie,8.3,99,1992,"Crime, Drama, Thriller",799193,1992-01-21,Quentin Tarantino
tt0105323,8,2017-12-11,Scent of a Woman,https://www.imdb.com/title/tt0105323/,movie,8.0,156,1992,Drama,226276,1992-12-23,Martin Brest
tt0105356,7,2016-03-25,La sentinelle,https://www.imdb.com/title/tt0105356/,movie,6.8,139,1992,Thriller,674,1992-05-20,Arnaud Desplechin
tt1054580,8,2015-11-26,Desert Flower,https://www.imdb.com/title/tt1054580/,movie,7.4,120,2009,"Biography, Drama",10851,2009-09-05,Sherry Hormann
tt0105695,9,2015-02-07,Unforgiven,https://www.imdb.com/title/tt0105695/,movie,8.2,130,1992,"Drama, Western",332269,1992-08-03,Clint Eastwood
tt1057500,8,2015-04-01,Invictus,https://www.imdb.com/title/tt1057500/,movie,7.3,134,2009,"Biography, Drama, History, Sport",138633,2009-12-03,Clint Eastwood
tt1065073,8,2017-08-12,Boyhood,https://www.imdb.com/title/tt1065073/,movie,7.9,165,2014,Drama,310302,2014-01-19,Richard Linklater
tt1069238,8,2015-03-17,Okuribito,https://www.imdb.com/title/tt1069238/,movie,8.1,130,2008,"Drama, Music",43882,2008-08-23,Yôjirô Takita
tt0107290,8,2015-02-07,Jurassic Park,https://www.imdb.com/title/tt0107290/,movie,8.1,127,1993,"Adventure, Sci-Fi, Thriller",759989,1993-06-09,Steven Spielberg
tt1074638,8,2015-02-14,Skyfall,https://www.imdb.com/title/tt1074638/,movie,7.8,143,2012,"Action, Adventure, Thriller",582402,2012-10-23,Sam Mendes
tt0108052,9,2016-10-30,Schindler's List,https://www.imdb.com/title/tt0108052/,movie,8.9,195,1993,"Biography, Drama, History",1051606,1993-11-30,Steven Spielberg
tt0108778,8,2015-06-26,Friends,https://www.imdb.com/title/tt0108778/,tvSeries,8.9,22,1994,"Comedy, Romance",635579,1994-09-22,
tt0109830,9,2015-02-07,Forrest Gump,https://www.imdb.com/title/tt0109830/,movie,8.8,142,1994,"Drama, Romance",1552813,1994-06-23,Robert Zemeckis
tt0110322,8,2016-05-27,Legends of the Fall,https://www.imdb.com/title/tt0110322/,movie,7.5,133,1994,"Drama, Romance, War, Western",129723,1994-12-23,Edward Zwick
tt0110413,9,2015-02-07,Léon,https://www.imdb.com/title/tt0110413/,movie,8.6,110,1994,"Crime, Drama, Thriller",893671,1994-09-14,Luc Besson
tt0111161,8,2015-03-05,The Shawshank Redemption,https://www.imdb.com/title/tt0111161/,movie,9.3,142,1994,Drama,2033547,1994-09-10,Frank Darabont
tt1119646,6,2018-10-19,The Hangover,https://www.imdb.com/title/tt1119646/,movie,7.7,100,2009,Comedy,655473,2009-05-30,Todd Phillips
tt0112573,9,2015-02-07,Braveheart,https://www.imdb.com/title/tt0112573/,movie,8.4,178,1995,"Biography, Drama, History, War",872110,1995-05-18,Mel Gibson
tt1129423,7,2015-02-26,Fireproof,https://www.imdb.com/title/tt1129423/,movie,6.6,122,2008,"Drama, Romance",19272,2008-09-26,Alex Kendrick
tt1130884,8,2015-11-16,Shutter Island,https://www.imdb.com/title/tt1130884/,movie,8.1,138,2010,"Mystery, Thriller",973180,2010-02-13,Martin Scorsese
tt1132620,8,2015-11-28,Män som hatar kvinnor,https://www.imdb.com/title/tt1132620/,movie,7.8,152,2009,"Crime, Drama, Mystery, Thriller",194446,2009-02-27,Niels Arden Oplev
tt0113277,8,2015-02-07,Heat,https://www.imdb.com/title/tt0113277/,movie,8.2,170,1995,"Crime, Drama, Thriller",511648,1995-12-06,Michael Mann
tt1138481,8,2015-03-08,Sonny Boy,https://www.imdb.com/title/tt1138481/,movie,6.4,130,2011,"Drama, Romance, War",2734,2011-01-27,Maria Peters
tt1139797,7,2016-03-21,Låt den rätte komma in,https://www.imdb.com/title/tt1139797/,movie,7.9,115,2008,"Drama, Horror, Romance",192256,2008-01-26,Tomas Alfredson
tt0114746,9,2015-11-04,Twelve Monkeys,https://www.imdb.com/title/tt0114746/,movie,8.0,129,1995,"Mystery, Sci-Fi, Thriller",531645,1995-12-08,Terry Gilliam
tt0114814,8,2015-02-07,The Usual Suspects,https://www.imdb.com/title/tt0114814/,movie,8.6,106,1995,"Crime, Mystery, Thriller",882388,1995-01-25,Bryan Singer
tt1149362,8,2015-04-11,Das weiße Band - Eine deutsche Kindergeschichte,https://www.imdb.com/title/tt1149362/,movie,7.8,144,2009,"Drama, History, Mystery, Thriller",61622,2009-05-21,Michael Haneke
tt0116282,7,2015-12-03,Fargo,https://www.imdb.com/title/tt0116282/,movie,8.1,98,1996,"Crime, Drama, Thriller",547448,1996-03-08,"Joel Coen, Ethan Coen"
tt1170358,8,2015-02-08,The Hobbit: The Desolation of Smaug,https://www.imdb.com/title/tt1170358/,movie,7.8,161,2013,"Adventure, Fantasy",554782,2013-12-02,Peter Jackson
tt0117666,9,2015-02-08,Sling Blade,https://www.imdb.com/title/tt0117666/,movie,8.0,135,1996,Drama,80323,1996-08-30,Billy Bob Thornton
tt0117913,8,2016-01-28,A Time to Kill,https://www.imdb.com/title/tt0117913/,movie,7.4,149,1996,"Crime, Drama, Thriller",116480,1996-07-24,Joel Schumacher
tt0118607,8,2016-10-20,Amistad,https://www.imdb.com/title/tt0118607/,movie,7.3,155,1997,"Drama, History",64749,1997-12-04,Steven Spielberg
tt0118689,8,2015-03-08,Bean,https://www.imdb.com/title/tt0118689/,movie,6.4,89,1997,"Adventure, Comedy, Family",87497,1997-07-03,Mel Smith
tt0118799,9,2015-12-04,La vita è bella,https://www.imdb.com/title/tt0118799/,movie,8.6,116,1997,"Comedy, Drama, Romance, War",533167,1997-12-20,Roberto Benigni
tt0119217,9,2016-11-14,Good Will Hunting,https://www.imdb.com/title/tt0119217/,movie,8.3,126,1997,"Drama, Romance",744194,1997-12-02,Gus Van Sant
tt0120338,9,2015-03-06,Titanic,https://www.imdb.com/title/tt0120338/,movie,7.8,194,1997,"Drama, Romance",926807,1997-11-01,James Cameron
tt1204342,7,2015-03-08,The Muppets,https://www.imdb.com/title/tt1204342/,movie,7.1,103,2011,"Adventure, Comedy, Family, Musical",81660,2011-11-04,James Bobin
tt1205489,9,2015-02-07,Gran Torino,https://www.imdb.com/title/tt1205489/,movie,8.1,116,2008,Drama,655853,2008-12-09,Clint Eastwood
tt0120689,8,2015-02-07,The Green Mile,https://www.imdb.com/title/tt0120689/,movie,8.5,189,1999,"Crime, Drama, Fantasy, Mystery",976651,1999-12-06,Frank Darabont
tt0120737,8,2015-12-27,The Lord of the Rings: The Fellowship of the Ring,https://www.imdb.com/title/tt0120737/,movie,8.8,178,2001,"Adventure, Drama, Fantasy",1464677,2001-12-10,Peter Jackson
tt0120794,7,2015-03-08,The Prince of Egypt,https://www.imdb.com/title/tt0120794/,movie,7.1,99,1998,"Animation, Adventure, Drama, Family, Fantasy, Musical",105829,1998-12-16,"Simon Wells, Brenda Chapman, Steve Hickner"
tt0120815,9,2016-05-26,Saving Private Ryan,https://www.imdb.com/title/tt0120815/,movie,8.6,169,1998,"Drama, War",1073487,1998-07-21,Steven Spielberg
tt0120912,7,2015-03-06,Men in Black II,https://www.imdb.com/title/tt0120912/,movie,6.1,88,2002,"Action, Adventure, Comedy, Mystery, Sci-Fi",304093,2002-07-03,Barry Sonnenfeld
tt0120915,8,2015-02-14,Star Wars: Episode I - The Phantom Menace,https://www.imdb.com/title/tt0120915/,movie,6.5,136,1999,"Action, Adventure, Fantasy, Sci-Fi",636968,1999-05-16,George Lucas
tt1213641,9,2018-11-26,First Man,https://www.imdb.com/title/tt1213641/,movie,7.5,141,2018,"Biography, Drama, History",69460,2018-08-29,Damien Chazelle
tt0121765,8,2015-02-14,Star Wars: Episode II - Attack of the Clones,https://www.imdb.com/title/tt0121765/,movie,6.6,142,2002,"Action, Adventure, Fantasy, Sci-Fi",558613,2002-05-12,George Lucas
tt0121766,8,2015-02-14,Star Wars: Episode III - Revenge of the Sith,https://www.imdb.com/title/tt0121766/,movie,7.6,140,2005,"Action, Adventure, Fantasy, Sci-Fi",622926,2005-05-12,George Lucas
tt0121955,7,2016-01-22,South Park,https://www.imdb.com/title/tt0121955/,tvSeries,8.7,22,1997,"Animation, Comedy",292718,1997-08-13,
tt1235166,7,2016-09-29,Un prophète,https://www.imdb.com/title/tt1235166/,movie,7.9,155,2009,"Crime, Drama",86951,2009-05-16,Jacques Audiard
tt0124272,7,2015-03-08,Abeltje,https://www.imdb.com/title/tt0124272/,movie,6.0,110,1998,"Adventure, Family",1338,1998-11-26,Ben Sombogaart
tt1255953,9,2015-02-07,Incendies,https://www.imdb.com/title/tt1255953/,movie,8.2,131,2010,"Drama, Mystery, War",118567,2010-09-03,Denis Villeneuve
tt0126029,7,2015-03-08,Shrek,https://www.imdb.com/title/tt0126029/,movie,7.9,90,2001,"Animation, Adventure, Comedy, Family, Fantasy",544810,2001-04-22,"Vicky Jenson, Andrew Adamson"
tt1305806,8,2017-11-14,El secreto de sus ojos,https://www.imdb.com/title/tt1305806/,movie,8.2,129,2009,"Drama, Mystery, Romance, Thriller",168307,2009-08-13,Juan José Campanella
tt1315981,8,2015-05-28,A Single Man,https://www.imdb.com/title/tt1315981/,movie,7.6,99,2009,"Drama, Romance",97818,2009-09-11,Tom Ford
tt0133093,8,2015-02-07,The Matrix,https://www.imdb.com/title/tt0133093/,movie,8.7,136,1999,"Action, Sci-Fi",1459686,1999-03-24,"Lilly Wachowski, Lana Wachowski"
tt1340800,6,2016-01-01,Tinker Tailor Soldier Spy,https://www.imdb.com/title/tt1340800/,movie,7.1,122,2011,"Drama, Mystery, Thriller",171875,2011-09-05,Tomas Alfredson
tt1345836,8,2016-12-06,The Dark Knight Rises,https://www.imdb.com/title/tt1345836/,movie,8.4,164,2012,"Action, Thriller",1350637,2012-07-16,Christopher Nolan
tt1365050,8,2015-10-26,Beasts of No Nation,https://www.imdb.com/title/tt1365050/,movie,7.8,137,2015,"Drama, War",60964,2015-09-03,Cary Joji Fukunaga
tt1375666,8,2015-02-07,Inception,https://www.imdb.com/title/tt1375666/,movie,8.8,148,2010,"Action, Adventure, Sci-Fi, Thriller",1780881,2010-07-08,Christopher Nolan
tt1392170,8,2018-05-09,The Hunger Games,https://www.imdb.com/title/tt1392170/,movie,7.2,142,2012,"Action, Adventure, Sci-Fi, Thriller",781725,2012-03-12,Gary Ross
tt1392214,7,2016-06-04,Prisoners,https://www.imdb.com/title/tt1392214/,movie,8.1,153,2013,"Crime, Drama, Mystery, Thriller",508382,2013-08-30,Denis Villeneuve
tt1403865,7,2017-01-17,True Grit,https://www.imdb.com/title/tt1403865/,movie,7.6,110,2010,"Adventure, Drama, Western",277114,2010-12-14,"Joel Coen, Ethan Coen"
tt1442437,7,2016-01-22,Modern Family,https://www.imdb.com/title/tt1442437/,tvSeries,8.4,22,2009,"Comedy, Romance",302400,2009-09-22,
tt1454029,9,2015-05-15,The Help,https://www.imdb.com/title/tt1454029/,movie,8.1,146,2011,Drama,382884,2011-08-09,Tate Taylor
tt1454468,8,2015-02-08,Gravity,https://www.imdb.com/title/tt1454468/,movie,7.7,91,2013,"Drama, Sci-Fi, Thriller",688476,2013-08-28,Alfonso Cuarón
tt1474684,7,2016-01-22,Luther,https://www.imdb.com/title/tt1474684/,tvSeries,8.5,60,2010,"Crime, Drama, Mystery, Thriller",96334,2010-05-04,
tt1475582,8,2016-01-22,Sherlock,https://www.imdb.com/title/tt1475582/,tvSeries,9.2,88,2010,"Crime, Drama, Mystery, Thriller",675940,2010-07-25,
tt1504320,8,2015-02-07,The King's Speech,https://www.imdb.com/title/tt1504320/,movie,8.0,118,2010,"Biography, Drama, History",580139,2010-09-06,Tom Hooper
tt1507355,8,2015-03-22,The Butterfly Circus,https://www.imdb.com/title/tt1507355/,short,8.0,20,2009,"Short, Drama",2843,2009-08-31,Joshua Weigel
tt1520211,8,2016-01-22,The Walking Dead,https://www.imdb.com/title/tt1520211/,tvSeries,8.4,44,2010,"Drama, Horror, Sci-Fi, Thriller",765129,2010-10-31,
tt1526318,8,2018-01-31,Borgen,https://www.imdb.com/title/tt1526318/,tvSeries,8.5,58,2010,Drama,14457,2010-09-26,
tt1528100,7,2015-03-07,Exodus: Gods and Kings,https://www.imdb.com/title/tt1528100/,movie,6.0,150,2014,"Action, Adventure, Drama, Fantasy",148308,2014-12-03,Ridley Scott
tt1535109,8,2017-11-29,Captain Phillips,https://www.imdb.com/title/tt1535109/,movie,7.8,134,2013,"Biography, Drama, Thriller",378704,2013-09-27,Paul Greengrass
tt1555149,8,2015-02-08,Tropa de Elite 2: O Inimigo Agora é Outro,https://www.imdb.com/title/tt1555149/,movie,8.1,115,2010,"Action, Crime, Drama, Thriller",73951,2010-10-08,José Padilha
tt1568911,8,2016-06-08,War Horse,https://www.imdb.com/title/tt1568911/,movie,7.2,146,2011,"Drama, History, War",133490,2011-12-04,Steven Spielberg
tt0159365,8,2015-11-07,Cold Mountain,https://www.imdb.com/title/tt0159365/,movie,7.2,154,2003,"Adventure, Drama, History, Romance, War",130126,2003-12-07,Anthony Minghella
tt1606375,8,2016-01-22,Downton Abbey,https://www.imdb.com/title/tt1606375/,tvSeries,8.7,58,2010,"Drama, Romance",137767,2010-09-26,
tt1609159,8,2015-03-08,Süskind,https://www.imdb.com/title/tt1609159/,movie,6.9,118,2012,"Biography, Drama, History, War",1954,2012-01-19,Rudolf van den Berg
tt0162222,8,2015-10-12,Cast Away,https://www.imdb.com/title/tt0162222/,movie,7.8,143,2000,"Adventure, Drama, Romance",461036,2000-12-07,Robert Zemeckis
tt1628033,7,2016-05-26,Top Gear,https://www.imdb.com/title/tt1628033/,tvSeries,8.7,60,2002,"Comedy, Talk-Show",98049,2002-10-20,
tt1632701,8,2016-01-22,Suits,https://www.imdb.com/title/tt1632701/,tvSeries,8.6,44,2011,"Comedy, Drama",315312,2011-06-23,
tt0164912,7,2015-03-08,Stuart Little,https://www.imdb.com/title/tt0164912/,movie,5.9,84,1999,"Adventure, Comedy, Family, Fantasy",111644,1999-12-05,Rob Minkoff
tt1649419,8,2015-02-14,Lo imposible,https://www.imdb.com/title/tt1649419/,movie,7.6,114,2012,"Drama, History, Thriller",172858,2012-09-09,J.A. Bayona
tt1655442,7,2015-03-06,The Artist,https://www.imdb.com/title/tt1655442/,movie,7.9,100,2011,"Comedy, Drama, Romance",213851,2011-05-15,Michel Hazanavicius
tt1659337,9,2018-11-19,The Perks of Being a Wallflower,https://www.imdb.com/title/tt1659337/,movie,8.0,103,2012,"Drama, Romance",414052,2012-09-08,Stephen Chbosky
tt1663202,9,2018-12-24,The Revenant,https://www.imdb.com/title/tt1663202/,movie,8.0,156,2015,"Action, Adventure, Biography, Drama, Western",591574,2015-12-16,Alejandro G. Iñárritu
tt1668200,9,2015-03-08,Elle s'appelait Sarah,https://www.imdb.com/title/tt1668200/,movie,7.5,111,2010,"Drama, War",14841,2010-09-16,Gilles Paquet-Brenner
tt1670345,7,2018-01-31,Now You See Me,https://www.imdb.com/title/tt1670345/,movie,7.3,115,2013,"Crime, Mystery, Thriller",539613,2013-05-21,Louis Leterrier
tt0167260,8,2015-12-27,The Lord of the Rings: The Return of the King,https://www.imdb.com/title/tt0167260/,movie,8.9,201,2003,"Action, Adventure, Drama, Fantasy",1448000,2003-12-01,Peter Jackson
tt0167261,9,2017-06-07,The Lord of the Rings: The Two Towers,https://www.imdb.com/title/tt0167261/,movie,8.7,179,2002,"Adventure, Drama, Fantasy",1309177,2002-12-05,Peter Jackson
tt1675434,9,2015-02-07,Intouchables,https://www.imdb.com/title/tt1675434/,movie,8.5,112,2011,"Biography, Comedy, Drama",649851,2011-09-23,"Olivier Nakache, Éric Toledano"
tt1677734,9,2016-05-05,30° i februari,https://www.imdb.com/title/tt1677734/,tvSeries,7.6,60,2012,Drama,1163,2012-01-30,
tt1683876,7,2017-03-23,Happy People: A Year in the Taiga,https://www.imdb.com/title/tt1683876/,movie,7.8,90,2010,Documentary,7015,2010-09-30,"Werner Herzog, Dmitry Vasyukov"
tt1711386,8,2016-09-17,Dag,https://www.imdb.com/title/tt1711386/,tvSeries,8.5,23,2010,"Comedy, Drama",3851,2010-09-30,
tt0172495,8,2015-02-07,Gladiator,https://www.imdb.com/title/tt0172495/,movie,8.5,155,2000,"Action, Adventure, Drama",1176116,2000-05-01,Ridley Scott
tt1733785,8,2015-07-08,Bron/Broen,https://www.imdb.com/title/tt1733785/,tvSeries,8.7,60,2011,"Crime, Mystery, Thriller",46290,2011-09-21,
tt1790809,7,2017-06-15,Pirates of the Caribbean: Dead Men Tell No Tales,https://www.imdb.com/title/tt1790809/,movie,6.6,129,2017,"Action, Adventure, Fantasy",215176,2017-05-11,"Espen Sandberg, Joachim Rønning"
tt1790885,9,2015-02-14,Zero Dark Thirty,https://www.imdb.com/title/tt1790885/,movie,7.4,157,2012,"Drama, Thriller",245061,2012-12-19,Kathryn Bigelow
tt0180093,5,2015-03-06,Requiem for a Dream,https://www.imdb.com/title/tt0180093/,movie,8.3,102,2000,Drama,682779,2000-05-14,Darren Aronofsky
tt1809398,8,2016-08-19,Unbroken,https://www.imdb.com/title/tt1809398/,movie,7.2,137,2014,"Biography, Drama, Sport, War",127004,2014-11-17,Angelina Jolie
tt0181852,7,2015-03-08,Terminator 3: Rise of the Machines,https://www.imdb.com/title/tt0181852/,movie,6.3,109,2003,"Action, Sci-Fi",342858,2003-06-30,Jonathan Mostow
tt1821549,8,2015-02-14,Nebraska,https://www.imdb.com/title/tt1821549/,movie,7.7,115,2013,"Adventure, Comedy, Drama",103595,2013-05-23,Alexander Payne
tt1832382,9,2015-02-07,Jodaeiye Nader az Simin,https://www.imdb.com/title/tt1832382/,movie,8.3,123,2011,Drama,189958,2011-02-01,Asghar Farhadi
tt1843866,8,2015-02-14,Captain America: The Winter Soldier,https://www.imdb.com/title/tt1843866/,movie,7.8,136,2014,"Action, Adventure, Sci-Fi, Thriller",629175,2014-03-13,"Anthony Russo, Joe Russo"
tt0018455,8,2018-09-03,Sunrise: A Song of Two Humans,https://www.imdb.com/title/tt0018455/,movie,8.2,94,1927,"Drama, Romance",41900,1927-09-23,F.W. Murnau
tt1856010,7,2016-01-22,House of Cards,https://www.imdb.com/title/tt1856010/,tvSeries,8.9,51,2013,Drama,418334,2013-02-01,
tt0187078,8,2015-03-08,Gone in Sixty Seconds,https://www.imdb.com/title/tt0187078/,movie,6.5,118,2000,"Action, Crime, Thriller",241684,2000-06-05,Dominic Sena
tt1883092,9,2016-01-22,"Unsere Mütter, unsere Väter",https://www.imdb.com/title/tt1883092/,tvMiniSeries,8.5,270,2013,"Action, Drama, History, War",20707,2013-03-01,
tt1895587,9,2018-06-02,Spotlight,https://www.imdb.com/title/tt1895587/,movie,8.1,129,2015,"Crime, Drama, History",347886,2015-09-03,Tom McCarthy
tt1921149,8,2016-06-28,Trash,https://www.imdb.com/title/tt1921149/,movie,7.2,114,2014,"Adventure, Crime, Drama, Mystery, Thriller",18275,2014-10-07,"Stephen Daldry, Christian Duurvoort"
tt0193676,9,2016-01-18,Freaks and Geeks,https://www.imdb.com/title/tt0193676/,tvSeries,8.8,44,1999,"Comedy, Drama",115165,1999-09-25,
tt1942884,7,2016-03-04,Indie Game: The Movie,https://www.imdb.com/title/tt1942884/,movie,7.7,103,2012,"Documentary, Drama",19305,2012-01-20,"Lisanne Pajot, James Swirsky"
tt1951264,8,2018-05-09,The Hunger Games: Catching Fire,https://www.imdb.com/title/tt1951264/,movie,7.5,146,2013,"Action, Adventure, Sci-Fi, Thriller",563948,2013-11-11,Francis Lawrence
tt0195685,9,2018-09-17,Erin Brockovich,https://www.imdb.com/title/tt0195685/,movie,7.3,131,2000,"Biography, Drama",154873,2000-03-14,Steven Soderbergh
tt1959490,8,2015-03-07,Noah,https://www.imdb.com/title/tt1959490/,movie,5.8,138,2014,"Action, Adventure, Drama",224564,2014-03-10,Darren Aronofsky
tt1979320,9,2018-06-07,Rush,https://www.imdb.com/title/tt1979320/,movie,8.1,123,2013,"Action, Biography, Drama, Sport",382780,2013-09-02,Ron Howard
tt2024544,9,2016-12-09,12 Years a Slave,https://www.imdb.com/title/tt2024544/,movie,8.1,134,2013,"Biography, Drama, History",560022,2013-08-30,Steve McQueen
tt0203019,8,2016-05-17,Men of Honor,https://www.imdb.com/title/tt0203019/,movie,7.2,129,2000,"Biography, Drama",99359,2000-09-14,George Tillman Jr.
tt0205190,8,2015-03-08,Kruimeltje,https://www.imdb.com/title/tt0205190/,movie,6.1,119,1999,"Drama, Family",2158,1999-12-09,Maria Peters
tt0208092,8,2015-02-07,Snatch,https://www.imdb.com/title/tt0208092/,movie,8.3,104,2000,"Comedy, Crime",702216,2000-08-23,Guy Ritchie
tt2084970,9,2018-01-02,The Imitation Game,https://www.imdb.com/title/tt2084970/,movie,8.0,114,2014,"Biography, Drama, Thriller, War",598134,2014-08-29,Morten Tyldum
tt0209144,8,2015-02-07,Memento,https://www.imdb.com/title/tt0209144/,movie,8.5,113,2000,"Mystery, Thriller",1006802,2000-09-05,Christopher Nolan
tt2097298,8,2016-05-22,"McFarland, USA",https://www.imdb.com/title/tt2097298/,movie,7.4,129,2015,"Biography, Drama, Sport",30749,2015-02-09,Niki Caro
tt2106476,8,2016-03-13,Jagten,https://www.imdb.com/title/tt2106476/,movie,8.3,115,2012,Drama,232313,2012-05-20,Thomas Vinterberg
tt2113681,7,2016-11-10,Hundraåringen som klev ut genom fönstret och försvann,https://www.imdb.com/title/tt2113681/,movie,7.1,114,2013,"Adventure, Comedy",34566,2013-12-25,Felix Herngren
tt0211915,10,2018-01-02,Le fabuleux destin d'Amélie Poulain,https://www.imdb.com/title/tt0211915/,movie,8.3,122,2001,"Comedy, Romance",636432,2001-04-25,Jean-Pierre Jeunet
tt2119532,9,2016-11-09,Hacksaw Ridge,https://www.imdb.com/title/tt2119532/,movie,8.1,139,2016,"Biography, Drama, History, War",347217,2016-09-04,Mel Gibson
tt2121382,8,2017-03-20,Turist,https://www.imdb.com/title/tt2121382/,movie,7.3,120,2014,"Comedy, Drama",40337,2014-05-18,Ruben Östlund
tt2125435,8,2015-09-24,Beasts of the Southern Wild,https://www.imdb.com/title/tt2125435/,movie,7.3,93,2012,"Adventure, Drama, Fantasy",76591,2012-01-20,Benh Zeitlin
tt2163315,8,2015-07-19,Dancing on the Edge,https://www.imdb.com/title/tt2163315/,tvMiniSeries,7.4,,2013,Drama,2268,2013-02-04,
tt0021749,8,2015-02-07,City Lights,https://www.imdb.com/title/tt0021749/,movie,8.5,87,1931,"Comedy, Drama, Romance",141307,1931-01-30,Charles Chaplin
tt0217869,6,2015-03-08,Unbreakable,https://www.imdb.com/title/tt0217869/,movie,7.3,106,2000,"Drama, Mystery, Sci-Fi, Thriller",312171,2000-11-14,M. Night Shyamalan
tt2179136,8,2015-03-29,American Sniper,https://www.imdb.com/title/tt2179136/,movie,7.3,133,2014,"Action, Biography, Drama, History, Thriller, War",390754,2014-11-11,Clint Eastwood
tt2188010,7,2015-09-04,Den röda vargen,https://www.imdb.com/title/tt2188010/,video,6.2,88,2012,"Crime, Drama, Thriller",1463,2012-06-24,Agneta Fagerström-Olsson
tt0022100,7,2016-02-09,M - Eine Stadt sucht einen Mörder,https://www.imdb.com/title/tt0022100/,movie,8.3,117,1931,"Crime, Mystery, Thriller",123670,1931-05-11,Fritz Lang
tt0221027,8,2015-05-05,Blow,https://www.imdb.com/title/tt0221027/,movie,7.6,124,2001,"Biography, Crime, Drama",220323,2001-03-29,Ted Demme
tt2223298,9,2015-02-14,Salvage Hunters,https://www.imdb.com/title/tt2223298/,tvSeries,7.7,,2011,Reality-TV,216,2011-11-14,
tt2243973,7,2018-01-31,Hannibal,https://www.imdb.com/title/tt2243973/,tvSeries,8.5,44,2013,"Crime, Drama, Horror, Mystery, Thriller",196678,2013-04-04,
tt2249364,8,2016-01-22,Broadchurch,https://www.imdb.com/title/tt2249364/,tvSeries,8.3,48,2013,"Crime, Drama, Mystery",69215,2013-03-04,
tt2310332,8,2017-08-08,The Hobbit: The Battle of the Five Armies,https://www.imdb.com/title/tt2310332/,movie,7.4,144,2014,"Adventure, Fantasy",427538,2014-12-01,Peter Jackson
tt2331143,8,2017-05-07,Soshite chichi ni naru,https://www.imdb.com/title/tt2331143/,movie,7.8,121,2013,Drama,17052,2013-05-18,Hirokazu Koreeda
tt2334873,8,2018-02-19,Blue Jasmine,https://www.imdb.com/title/tt2334873/,movie,7.3,98,2013,Drama,175909,2013-07-22,Woody Allen
tt2356777,8,2016-05-26,True Detective,https://www.imdb.com/title/tt2356777/,tvSeries,9.0,55,2014,"Crime, Drama, Mystery, Thriller",418341,2014-01-12,
tt2379713,7,2015-11-16,Spectre,https://www.imdb.com/title/tt2379713/,movie,6.8,148,2015,"Action, Adventure, Thriller",344019,2015-10-26,Sam Mendes
tt2401621,6,2015-03-06,De Marathon,https://www.imdb.com/title/tt2401621/,movie,7.5,107,2012,"Comedy, Drama, Sport",5812,2012-10-18,Diederick Koopal
tt0240772,8,2015-03-08,Ocean's Eleven,https://www.imdb.com/title/tt0240772/,movie,7.8,116,2001,"Crime, Thriller",464662,2001-12-05,Steven Soderbergh
tt0243585,7,2015-03-08,Stuart Little 2,https://www.imdb.com/title/tt0243585/,movie,5.5,77,2002,"Animation, Adventure, Comedy, Family, Fantasy",44118,2002-07-14,Rob Minkoff
tt2442560,7,2018-01-31,Peaky Blinders,https://www.imdb.com/title/tt2442560/,tvSeries,8.8,60,2013,"Crime, Drama",167121,2013-09-12,
tt0245429,6,2015-03-06,Sen to Chihiro no kamikakushi,https://www.imdb.com/title/tt0245429/,movie,8.6,125,2001,"Animation, Adventure, Family, Fantasy, Mystery",536526,2001-07-20,"Kirk Wise, Hayao Miyazaki"
tt0246578,5,2015-03-06,Donnie Darko,https://www.imdb.com/title/tt0246578/,movie,8.1,113,2001,"Drama, Sci-Fi, Thriller",683498,2001-01-19,Richard Kelly
tt2488496,8,2017-06-03,Star Wars: Episode VII - The Force Awakens,https://www.imdb.com/title/tt2488496/,movie,8.0,136,2015,"Action, Adventure, Fantasy, Sci-Fi",764969,2015-12-14,J.J. Abrams
tt0025316,8,2016-11-17,It Happened One Night,https://www.imdb.com/title/tt0025316/,movie,8.1,105,1934,"Comedy, Romance",82648,1934-02-22,Frank Capra
tt0253474,9,2015-02-07,The Pianist,https://www.imdb.com/title/tt0253474/,movie,8.5,150,2002,"Biography, Drama, Music, War",619444,2002-05-24,Roman Polanski
tt2543164,8,2017-05-23,Arrival,https://www.imdb.com/title/tt2543164/,movie,7.9,116,2016,"Drama, Mystery, Sci-Fi, Thriller",486686,2016-09-01,Denis Villeneuve
tt2544766,7,2016-12-26,Michiel de Ruyter,https://www.imdb.com/title/tt2544766/,movie,7.0,151,2015,"Action, Adventure, Biography, Drama, History",7721,2015-01-26,Roel Reiné
tt0257044,9,2015-10-12,Road to Perdition,https://www.imdb.com/title/tt0257044/,movie,7.7,117,2002,"Crime, Drama, Thriller",224695,2002-07-12,Sam Mendes
tt2582802,9,2018-01-31,Whiplash,https://www.imdb.com/title/tt2582802/,movie,8.5,106,2014,"Drama, Music",587808,2014-01-16,Damien Chazelle
tt2582846,8,2018-07-30,The Fault in Our Stars,https://www.imdb.com/title/tt2582846/,movie,7.7,126,2014,"Drama, Romance",305869,2014-05-16,Josh Boone
tt2587914,5,2016-09-19,A Matter of Faith,https://www.imdb.com/title/tt2587914/,movie,3.7,89,2014,Drama,1206,2014-10-17,Rich Christiano
tt2608224,7,2018-03-31,Kelebegin Rüyasi,https://www.imdb.com/title/tt2608224/,movie,7.8,138,2013,"Biography, Drama, History, Romance",16200,2013-02-21,Yilmaz Erdogan
tt0262150,8,2017-06-06,Black Books,https://www.imdb.com/title/tt0262150/,tvSeries,8.5,25,2000,Comedy,48202,2000-09-29,
tt0264464,8,2015-02-08,Catch Me If You Can,https://www.imdb.com/title/tt0264464/,movie,8.1,141,2002,"Biography, Crime, Drama",690635,2002-12-16,Steven Spielberg
tt0265086,8,2018-03-22,Black Hawk Down,https://www.imdb.com/title/tt0265086/,movie,7.7,144,2001,"Drama, History, War",332208,2001-12-18,Ridley Scott
tt0266543,7,2015-02-07,Finding Nemo,https://www.imdb.com/title/tt0266543/,movie,8.1,100,2003,"Animation, Adventure, Comedy, Family",843054,2003-05-30,"Andrew Stanton, Lee Unkrich"
tt0268978,9,2015-09-17,A Beautiful Mind,https://www.imdb.com/title/tt0268978/,movie,8.2,135,2001,"Biography, Drama",749481,2001-12-13,Ron Howard
tt2707408,7,2016-01-22,Narcos,https://www.imdb.com/title/tt2707408/,tvSeries,8.8,49,2015,"Biography, Crime, Drama, Thriller",275260,2015-08-28,
tt2713180,8,2016-03-12,Fury,https://www.imdb.com/title/tt2713180/,movie,7.6,134,2014,"Action, Drama, War",370930,2014-10-15,David Ayer
tt0279231,7,2015-03-08,Minoes,https://www.imdb.com/title/tt0279231/,movie,6.9,86,2001,"Comedy, Family, Fantasy",4297,2001-12-06,Vincent Bal
tt0027977,9,2015-02-08,Modern Times,https://www.imdb.com/title/tt0027977/,movie,8.5,87,1936,"Comedy, Drama, Family, Romance",183463,1936-02-05,Charles Chaplin
tt2802850,8,2015-12-03,Fargo,https://www.imdb.com/title/tt2802850/,tvSeries,9.0,53,2014,"Crime, Drama, Thriller",258481,2014-04-15,
tt2816290,8,2017-04-16,Le silence des églises,https://www.imdb.com/title/tt2816290/,tvMovie,7.1,100,2013,Drama,127,2013-04-10,Edwin Baily
tt2861424,7,2018-01-31,Rick and Morty,https://www.imdb.com/title/tt2861424/,tvSeries,9.3,23,2013,"Animation, Adventure, Comedy, Sci-Fi",244749,2013-12-02,
tt0290978,8,2016-09-09,The Office,https://www.imdb.com/title/tt0290978/,tvSeries,8.5,30,2001,"Comedy, Drama",83544,2001-07-09,
tt2980516,8,2016-09-09,The Theory of Everything,https://www.imdb.com/title/tt2980516/,movie,7.7,123,2014,"Biography, Drama, Romance",346846,2014-09-07,James Marsh
tt0029947,7,2015-03-14,Bringing Up Baby,https://www.imdb.com/title/tt0029947/,movie,8.0,102,1938,"Comedy, Family, Romance",50141,1938-02-16,Howard Hawks
tt0301357,9,2015-04-05,Good Bye Lenin!,https://www.imdb.com/title/tt0301357/,movie,7.7,121,2003,"Comedy, Drama, Romance",127334,2003-02-09,Wolfgang Becker
tt3032476,7,2016-01-22,Better Call Saul,https://www.imdb.com/title/tt3032476/,tvSeries,8.7,46,2015,"Crime, Drama",236596,2015-02-08,
tt3040964,7,2017-01-05,The Jungle Book,https://www.imdb.com/title/tt3040964/,movie,7.4,106,2016,"Adventure, Drama, Family, Fantasy",235112,2016-04-04,Jon Favreau
tt0306414,7,2016-05-26,The Wire,https://www.imdb.com/title/tt0306414/,tvSeries,9.3,59,2002,"Crime, Drama, Thriller",236018,2002-06-02,
tt0310455,9,2015-06-13,Foyle's War,https://www.imdb.com/title/tt0310455/,tvSeries,8.4,90,2002,"Crime, Drama, Mystery, War",11099,2002-10-27,
tt0311113,7,2016-10-11,Master and Commander: The Far Side of the World,https://www.imdb.com/title/tt0311113/,movie,7.4,138,2003,"Action, Adventure, Drama, History, War",186689,2003-11-14,Peter Weir
tt0312318,8,2015-03-06,9/11,https://www.imdb.com/title/tt0312318/,tvMovie,8.4,112,2002,Documentary,5985,2002-03-10,"James Hanlon, Gédéon Naudet, Jules Naudet"
tt0315327,7,2015-03-08,Bruce Almighty,https://www.imdb.com/title/tt0315327/,movie,6.7,101,2003,"Comedy, Drama, Fantasy",338854,2003-05-14,Tom Shadyac
tt0031679,9,2018-10-16,Mr. Smith Goes to Washington,https://www.imdb.com/title/tt0031679/,movie,8.2,129,1939,"Comedy, Drama",96115,1939-10-17,Frank Capra
tt3170832,9,2017-10-10,Room,https://www.imdb.com/title/tt3170832/,movie,8.2,118,2015,"Drama, Thriller",298092,2015-09-04,Lenny Abrahamson
tt0317740,8,2015-03-08,The Italian Job,https://www.imdb.com/title/tt0317740/,movie,7.0,111,2003,"Action, Crime, Thriller",316813,2003-05-30,F. Gary Gray
tt0318462,8,2015-07-14,Diarios de motocicleta,https://www.imdb.com/title/tt0318462/,movie,7.8,126,2004,"Adventure, Biography, Drama",90523,2004-01-15,Walter Salles
tt3218368,8,2015-03-08,Dorsvloer vol confetti,https://www.imdb.com/title/tt3218368/,movie,6.8,94,2014,Drama,450,2014-09-12,Tallulah Hazekamp Schwab
tt3253930,7,2016-05-02,La isla mínima,https://www.imdb.com/title/tt3253930/,movie,7.3,105,2014,"Crime, Horror, Mystery, Thriller",25176,2014-09-19,Alberto Rodríguez
tt0032553,8,2017-07-29,The Great Dictator,https://www.imdb.com/title/tt0032553/,movie,8.5,125,1940,"Comedy, Drama, War",174567,1940-10-15,Charles Chaplin
tt0325980,8,2015-02-07,Pirates of the Caribbean: The Curse of the Black Pearl,https://www.imdb.com/title/tt0325980/,movie,8.0,143,2003,"Action, Adventure, Fantasy",944860,2003-06-28,Gore Verbinski
tt0327919,9,2015-06-26,I Am David,https://www.imdb.com/title/tt0327919/,movie,7.3,90,2003,Drama,6827,2003-05-15,Paul Feig
tt3280150,7,2017-01-30,Kampen om tungtvannet,https://www.imdb.com/title/tt3280150/,tvMiniSeries,8.0,45,2015,"Drama, History, War",5354,2015-01-04,
tt0328107,7,2015-12-28,Man on Fire,https://www.imdb.com/title/tt0328107/,movie,7.7,146,2004,"Action, Crime, Drama, Thriller",301498,2004-04-21,Tony Scott
tt0032976,8,2015-02-22,Rebecca,https://www.imdb.com/title/tt0032976/,movie,8.1,130,1940,"Drama, Mystery, Romance, Thriller",108301,1940-03-21,Alfred Hitchcock
tt3303310,5,2015-05-05,Mula sa kung ano ang noon,https://www.imdb.com/title/tt3303310/,movie,7.8,338,2014,Drama,436,2014-07-03,Lav Diaz
tt3316960,8,2018-02-27,Still Alice,https://www.imdb.com/title/tt3316960/,movie,7.5,101,2014,Drama,113649,2014-09-08,"Richard Glatzer, Wash Westmoreland"
tt3322312,7,2015-06-26,Daredevil,https://www.imdb.com/title/tt3322312/,tvSeries,8.7,54,2015,"Action, Crime, Drama, Fantasy, Sci-Fi, Thriller",315807,2015-04-02,
tt0033467,8,2017-04-13,Citizen Kane,https://www.imdb.com/title/tt0033467/,movie,8.4,119,1941,"Drama, Mystery",354815,1941-05-01,Orson Welles
tt0335266,8,2015-03-08,Lost in Translation,https://www.imdb.com/title/tt0335266/,movie,7.8,102,2003,Drama,366602,2003-08-29,Sofia Coppola
tt0338013,6,2015-03-06,Eternal Sunshine of the Spotless Mind,https://www.imdb.com/title/tt0338013/,movie,8.3,108,2004,"Drama, Romance, Sci-Fi",802126,2004-03-09,Michel Gondry
tt0338564,8,2015-03-13,Mou gaan dou,https://www.imdb.com/title/tt0338564/,movie,8.1,101,2002,"Crime, Drama, Mystery, Thriller",109756,2002-12-12,"Alan Mak, Wai-Keung Lau"
tt0033870,8,2016-04-19,The Maltese Falcon,https://www.imdb.com/title/tt0033870/,movie,8.1,100,1941,"Film-Noir, Mystery",137412,1941-10-03,John Huston
tt3428912,7,2017-06-06,Happy Valley,https://www.imdb.com/title/tt3428912/,tvSeries,8.5,58,2014,"Crime, Drama",25611,2014-04-29,
tt3455224,9,2015-07-11,Virunga,https://www.imdb.com/title/tt3455224/,movie,8.2,100,2014,"Documentary, War",8654,2014-04-17,Orlando von Einsiedel
tt0034583,9,2014-05-05,Casablanca,https://www.imdb.com/title/tt0034583/,movie,8.5,102,1942,"Drama, Romance, War",463581,1942-11-26,Michael Curtiz
tt0349903,8,2016-09-23,Ocean's Twelve,https://www.imdb.com/title/tt0349903/,movie,6.5,125,2004,"Crime, Thriller",324985,2004-12-08,Steven Soderbergh
tt3501584,7,2017-01-11,iZombie,https://www.imdb.com/title/tt3501584/,tvSeries,7.9,42,2015,"Comedy, Crime, Drama, Horror",51817,2015-03-17,
tt0352248,7,2016-09-19,Cinderella Man,https://www.imdb.com/title/tt0352248/,movie,8.0,144,2005,"Biography, Drama, Sport",164128,2005-05-23,Ron Howard
tt3561180,8,2016-12-24,Ófærð,https://www.imdb.com/title/tt3561180/,tvSeries,8.1,60,2015,"Crime, Drama, Thriller",9983,2015-09-20,
tt3568804,7,2017-02-04,Storm: Letters van Vuur,https://www.imdb.com/title/tt3568804/,movie,6.1,100,2017,"Adventure, Drama, Family",328,2017-01-19,Dennis Bots
tt0358273,8,2015-09-25,Walk the Line,https://www.imdb.com/title/tt0358273/,movie,7.9,136,2005,"Biography, Drama, Music, Romance",208523,2005-09-04,James Mangold
tt0035966,7,2016-02-13,Hangmen Also Die!,https://www.imdb.com/title/tt0035966/,movie,7.5,134,1943,"Drama, Film-Noir, Thriller, War",3951,1943-03-27,Fritz Lang
tt0360717,9,2015-03-06,King Kong,https://www.imdb.com/title/tt0360717/,movie,7.2,187,2005,"Action, Adventure, Drama, Romance",359245,2005-12-05,Peter Jackson
tt0362227,9,2015-10-03,The Terminal,https://www.imdb.com/title/tt0362227/,movie,7.3,128,2004,"Comedy, Drama, Romance",356438,2004-06-09,Steven Spielberg
tt0363163,9,2015-03-08,Der Untergang,https://www.imdb.com/title/tt0363163/,movie,8.2,156,2004,"Biography, Drama, History, War",297274,2004-09-08,Oliver Hirschbiegel
tt0363771,7,2015-02-26,"The Chronicles of Narnia: The Lion, the Witch and the Wardrobe",https://www.imdb.com/title/tt0363771/,movie,6.9,143,2005,"Adventure, Family, Fantasy",331797,2005-12-07,Andrew Adamson
tt3641502,9,2018-09-27,Zagros,https://www.imdb.com/title/tt3641502/,movie,6.3,102,2017,Drama,277,2017-10-16,Sahim Omar Kalifa
tt3659388,7,2018-07-14,The Martian,https://www.imdb.com/title/tt3659388/,movie,8.0,144,2015,"Adventure, Drama, Sci-Fi",651084,2015-09-11,Ridley Scott
tt0367279,7,2018-01-31,Arrested Development,https://www.imdb.com/title/tt0367279/,tvSeries,8.9,22,2003,Comedy,248625,2003-11-02,
tt0367594,7,2015-03-08,Charlie and the Chocolate Factory,https://www.imdb.com/title/tt0367594/,movie,6.7,115,2005,"Adventure, Comedy, Family, Fantasy, Musical",379029,2005-07-10,Tim Burton
tt0036775,8,2018-07-18,Double Indemnity,https://www.imdb.com/title/tt0036775/,movie,8.3,107,1944,"Crime, Drama, Film-Noir, Mystery, Thriller",123519,1944-07-03,Billy Wilder
tt3682448,9,2018-05-07,Bridge of Spies,https://www.imdb.com/title/tt3682448/,movie,7.6,142,2015,"Drama, History, Thriller",255548,2015-10-04,Steven Spielberg
tt0036868,9,2018-11-05,The Best Years of Our Lives,https://www.imdb.com/title/tt0036868/,movie,8.1,170,1946,"Drama, Romance, War",52031,1946-11-21,William Wyler
tt0369339,8,2017-07-27,Collateral,https://www.imdb.com/title/tt0369339/,movie,7.5,120,2004,"Crime, Drama, Thriller",329909,2004-08-02,Michael Mann
tt0372784,8,2015-02-07,Batman Begins,https://www.imdb.com/title/tt0372784/,movie,8.3,140,2005,"Action, Adventure, Thriller",1161667,2005-05-31,Christopher Nolan
tt3741834,8,2018-12-26,Lion,https://www.imdb.com/title/tt3741834/,movie,8.1,118,2016,"Biography, Drama",171297,2016-09-10,Garth Davis
tt3748528,9,2017-05-13,Rogue One,https://www.imdb.com/title/tt3748528/,movie,7.8,133,2016,"Action, Adventure, Sci-Fi",455586,2016-12-10,Gareth Edwards
tt0375679,7,2015-02-14,Crash,https://www.imdb.com/title/tt0375679/,movie,7.8,112,2004,"Crime, Drama, Thriller",395608,2004-09-10,Paul Haggis
tt0380599,7,2015-05-30,Oliver Twist,https://www.imdb.com/title/tt0380599/,movie,6.9,130,2005,"Crime, Drama",28627,2005-09-11,Roman Polanski
tt0381061,7,2015-02-08,Casino Royale,https://www.imdb.com/title/tt0381061/,movie,8.0,144,2006,"Action, Adventure, Thriller",529187,2006-11-14,Martin Campbell
tt3814486,8,2016-12-25,"Bloed, Zweet & Tranen",https://www.imdb.com/title/tt3814486/,movie,7.1,111,2015,"Biography, Drama, Music",1293,2015-04-02,Diederick Koopal
tt0381849,9,2015-02-14,3:10 to Yuma,https://www.imdb.com/title/tt0381849/,movie,7.7,122,2007,"Action, Crime, Drama, Western",265140,2007-08-21,James Mangold
tt3822818,8,2016-12-20,Nackt unter Wölfen,https://www.imdb.com/title/tt3822818/,tvMovie,7.2,105,2015,"Drama, History, War",3194,2015-03-19,Philipp Kadelbach
tt0383126,6,2016-01-22,MythBusters,https://www.imdb.com/title/tt0383126/,tvSeries,8.3,44,2003,"Documentary, Mystery, Reality-TV",48393,2003-01-23,
tt0383574,8,2017-06-03,Pirates of the Caribbean: Dead Man's Chest,https://www.imdb.com/title/tt0383574/,movie,7.3,151,2006,"Action, Adventure, Fantasy",600580,2006-06-24,Gore Verbinski
tt0038650,10,2017-04-13,It's a Wonderful Life,https://www.imdb.com/title/tt0038650/,movie,8.6,130,1946,"Drama, Family, Fantasy",345907,1946-12-20,Frank Capra
tt0386676,7,2018-01-31,The Office,https://www.imdb.com/title/tt0386676/,tvSeries,8.8,22,2005,Comedy,275749,2005-03-24,
tt0389557,8,2015-02-24,Zwartboek,https://www.imdb.com/title/tt0389557/,movie,7.8,145,2006,"Drama, Thriller, War",67237,2006-09-01,Paul Verhoeven
tt0393597,8,2015-03-08,Earth,https://www.imdb.com/title/tt0393597/,movie,8.0,90,2007,Documentary,13685,2007-07-14,"Alastair Fothergill, Mark Linfield"
tt0395169,8,2015-02-07,Hotel Rwanda,https://www.imdb.com/title/tt0395169/,movie,8.1,121,2004,"Biography, Drama, History, War",307539,2004-09-11,Terry George
tt0405094,9,2015-02-07,Das Leben der Anderen,https://www.imdb.com/title/tt0405094/,movie,8.4,137,2006,"Drama, Thriller",313823,2006-03-15,Florian Henckel von Donnersmarck
tt0405159,8,2015-02-07,Million Dollar Baby,https://www.imdb.com/title/tt0405159/,movie,8.1,132,2004,"Drama, Sport",573390,2004-12-05,Clint Eastwood
tt0040522,8,2018-01-15,Ladri di biciclette,https://www.imdb.com/title/tt0040522/,movie,8.3,89,1948,Drama,122308,1948-11-24,Vittorio De Sica
tt0040525,7,2015-04-03,The Lady from Shanghai,https://www.imdb.com/title/tt0040525/,movie,7.7,87,1947,"Crime, Drama, Film-Noir, Mystery, Thriller",22829,1947-12-24,Orson Welles
tt0040536,8,2015-03-07,Letter from an Unknown Woman,https://www.imdb.com/title/tt0040536/,movie,8.0,87,1948,"Drama, Romance",9712,1948-04-28,Max Ophüls
tt0407887,8,2015-02-07,The Departed,https://www.imdb.com/title/tt0407887/,movie,8.5,151,2006,"Crime, Drama, Thriller",1045233,2006-09-26,Martin Scorsese
tt4093826,9,2017-06-20,Twin Peaks,https://www.imdb.com/title/tt4093826/,tvSeries,8.5,60,2017,"Crime, Drama, Fantasy, Mystery, Thriller",39499,2017-05-19,
tt4108304,8,2017-06-05,Twin Peaks: Part 1,https://www.imdb.com/title/tt4108304/,tvEpisode,8.6,59,2017,"Crime, Drama, Fantasy, Mystery, Thriller",4593,2017-05-19,David Lynch
tt4108308,7,2017-06-05,Twin Peaks: Part 2,https://www.imdb.com/title/tt4108308/,tvEpisode,8.6,53,2017,"Crime, Drama, Fantasy, Mystery, Thriller",4157,2017-05-19,David Lynch
tt0412142,7,2016-01-22,House M.D.,https://www.imdb.com/title/tt0412142/,tvSeries,8.7,44,2004,"Drama, Mystery",365166,2004-11-16,
tt0416449,8,2015-03-08,300,https://www.imdb.com/title/tt0416449/,movie,7.7,117,2006,"Action, Fantasy",679311,2006-12-09,Zack Snyder
tt0041959,7,2016-02-21,The Third Man,https://www.imdb.com/title/tt0041959/,movie,8.2,104,1949,"Film-Noir, Mystery, Thriller",140023,1949-09-01,Carol Reed
tt0419887,7,2015-03-08,The Kite Runner,https://www.imdb.com/title/tt0419887/,movie,7.6,128,2007,Drama,73604,2007-10-05,Marc Forster
tt0421715,8,2015-04-18,The Curious Case of Benjamin Button,https://www.imdb.com/title/tt0421715/,movie,7.8,166,2008,"Drama, Fantasy, Romance",527054,2008-12-10,David Fincher
tt0042192,8,2016-04-27,All About Eve,https://www.imdb.com/title/tt0042192/,movie,8.3,138,1950,Drama,104614,1950-10-13,Joseph L. Mankiewicz
tt0425210,8,2017-03-22,Lucky Number Slevin,https://www.imdb.com/title/tt0425210/,movie,7.8,110,2006,"Crime, Drama, Mystery, Thriller",285331,2006-02-24,Paul McGuigan
tt0426578,8,2015-04-24,Sophie Scholl - Die letzten Tage,https://www.imdb.com/title/tt0426578/,movie,7.6,120,2005,"Biography, Crime, Drama, History, Thriller, War",24643,2005-02-13,Marc Rothemund
tt0042876,8,2018-02-12,Rashômon,https://www.imdb.com/title/tt0042876/,movie,8.3,88,1950,"Crime, Drama, Mystery",129867,1950-08-26,Akira Kurosawa
tt4295140,9,2016-02-06,Chef's Table,https://www.imdb.com/title/tt4295140/,tvSeries,8.6,50,2015,Documentary,9548,2015-02-12,
tt0043014,7,2015-03-06,Sunset Blvd.,https://www.imdb.com/title/tt0043014/,movie,8.4,110,1950,"Drama, Film-Noir",173647,1950-08-10,Billy Wilder
tt4322508,8,2015-05-20,Les témoins,https://www.imdb.com/title/tt4322508/,tvSeries,7.3,52,2014,"Crime, Mystery",1984,2014-10-31,
tt0434409,7,2015-02-07,V for Vendetta,https://www.imdb.com/title/tt0434409/,movie,8.2,132,2005,"Action, Drama, Sci-Fi, Thriller",932181,2005-12-11,James McTeigue
tt0435761,6,2015-02-08,Toy Story 3,https://www.imdb.com/title/tt0435761/,movie,8.3,103,2010,"Animation, Adventure, Comedy, Family, Fantasy",661147,2010-06-12,Lee Unkrich
tt0436992,7,2016-01-22,Doctor Who,https://www.imdb.com/title/tt0436992/,tvSeries,8.7,45,2005,"Adventure, Drama, Family, Mystery, Sci-Fi",179704,2005-03-26,
tt0443453,7,2015-03-08,Borat: Cultural Learnings of America for Make Benefit Glorious Nation of Kazakhstan,https://www.imdb.com/title/tt0443453/,movie,7.3,84,2006,Comedy,327341,2006-08-04,Larry Charles
tt0443706,7,2018-08-30,Zodiac,https://www.imdb.com/title/tt0443706/,movie,7.7,157,2007,"Crime, Drama, Mystery, Thriller",377576,2007-02-28,David Fincher
tt0044741,8,2018-08-07,Ikiru,https://www.imdb.com/title/tt0044741/,movie,8.3,143,1952,Drama,56919,1952-10-09,Akira Kurosawa
tt0450259,8,2015-02-08,Blood Diamond,https://www.imdb.com/title/tt0450259/,movie,8.0,143,2006,"Adventure, Drama, Thriller",454027,2006-12-08,Edward Zwick
tt0045152,7,2017-02-12,Singin' in the Rain,https://www.imdb.com/title/tt0045152/,movie,8.3,103,1952,"Comedy, Musical, Romance",190388,1952-03-27,"Gene Kelly, Stanley Donen"
tt0452623,8,2018-04-16,Gone Baby Gone,https://www.imdb.com/title/tt0452623/,movie,7.7,114,2007,"Crime, Drama, Mystery, Thriller",228361,2007-09-05,Ben Affleck
tt0453451,8,2015-03-08,Mr. Bean's Holiday,https://www.imdb.com/title/tt0453451/,movie,6.4,90,2007,"Comedy, Family",103635,2007-03-22,Steve Bendelack
tt0454776,8,2016-10-14,Amazing Grace,https://www.imdb.com/title/tt0454776/,movie,7.5,118,2006,"Biography, Drama, History, Romance",22655,2006-09-16,Michael Apted
tt0454876,8,2016-12-25,Life of Pi,https://www.imdb.com/title/tt0454876/,movie,7.9,127,2012,"Adventure, Drama, Fantasy",519807,2012-09-28,Ang Lee
tt0454921,8,2015-04-05,The Pursuit of Happyness,https://www.imdb.com/title/tt0454921/,movie,8.0,117,2006,"Biography, Drama",395883,2006-12-15,Gabriele Muccino
tt4555426,8,2018-02-23,Darkest Hour,https://www.imdb.com/title/tt4555426/,movie,7.4,125,2017,"Biography, Drama, History, War",124287,2017-09-01,Joe Wright
tt0457430,7,2015-03-08,El laberinto del fauno,https://www.imdb.com/title/tt0457430/,movie,8.2,118,2006,"Drama, Fantasy, War",558070,2006-05-27,Guillermo del Toro
tt0045810,6,2015-02-28,Gentlemen Prefer Blondes,https://www.imdb.com/title/tt0045810/,movie,7.2,91,1953,"Comedy, Musical, Romance",27345,1953-07-01,Howard Hawks
tt0046250,8,2017-01-30,Roman Holiday,https://www.imdb.com/title/tt0046250/,movie,8.1,118,1953,"Comedy, Romance",115378,1953-08-20,William Wyler
tt0046268,9,2018-09-13,Le salaire de la peur,https://www.imdb.com/title/tt0046268/,movie,8.1,131,1953,"Adventure, Drama, Thriller",46944,1953-04-15,Henri-Georges Clouzot
tt4635276,6,2016-01-18,Master of None,https://www.imdb.com/title/tt4635276/,tvSeries,8.3,30,2015,Comedy,54387,2015-11-06,
tt0468569,8,2015-02-07,The Dark Knight,https://www.imdb.com/title/tt0468569/,movie,9.0,152,2008,"Action, Crime, Drama, Thriller",2001320,2008-07-14,Christopher Nolan
tt0469641,8,2015-03-08,World Trade Center,https://www.imdb.com/title/tt0469641/,movie,6.0,129,2006,"Drama, History, Thriller",73264,2006-08-09,Oliver Stone
tt0047296,8,2018-03-03,On the Waterfront,https://www.imdb.com/title/tt0047296/,movie,8.2,108,1954,"Crime, Drama, Thriller",125636,1954-06-22,Elia Kazan
tt0047396,10,2017-04-13,Rear Window,https://www.imdb.com/title/tt0047396/,movie,8.5,112,1954,"Mystery, Thriller",386884,1954-08-04,Alfred Hitchcock
tt0047478,8,2015-02-07,Shichinin no samurai,https://www.imdb.com/title/tt0047478/,movie,8.7,207,1954,"Adventure, Drama",275399,1954-04-26,Akira Kurosawa
tt0477348,7,2015-10-24,No Country for Old Men,https://www.imdb.com/title/tt0477348/,movie,8.1,122,2007,"Crime, Drama, Thriller",745224,2007-05-19,"Joel Coen, Ethan Coen"
tt0482571,7,2015-02-07,The Prestige,https://www.imdb.com/title/tt0482571/,movie,8.5,130,2006,"Drama, Mystery, Sci-Fi, Thriller",1033928,2006-10-17,Christopher Nolan
tt4836846,8,2017-12-07,Midnight Sun,https://www.imdb.com/title/tt4836846/,tvSeries,7.5,55,2016,"Crime, Drama, Mystery, Thriller",3346,2016-10-23,
tt0048424,8,2018-05-04,The Night of the Hunter,https://www.imdb.com/title/tt0048424/,movie,8.0,92,1955,"Crime, Drama, Film-Noir, Thriller",73790,1955-07-26,Charles Laughton
tt4857264,7,2017-07-26,Contratiempo,https://www.imdb.com/title/tt4857264/,movie,8.1,106,2016,"Crime, Mystery, Thriller",71938,2016-09-23,Oriol Paulo
tt0487831,6,2017-06-06,The IT Crowd,https://www.imdb.com/title/tt0487831/,tvSeries,8.5,25,2006,Comedy,113851,2006-02-03,
tt4925292,8,2018-05-17,Lady Bird,https://www.imdb.com/title/tt4925292/,movie,7.5,94,2017,"Comedy, Drama",159584,2017-09-01,Greta Gerwig
tt0497116,7,2018-02-12,An Inconvenient Truth,https://www.imdb.com/title/tt0497116/,movie,7.4,96,2006,Documentary,76340,2006-01-24,Davis Guggenheim
tt0497465,8,2018-12-03,Vicky Cristina Barcelona,https://www.imdb.com/title/tt0497465/,movie,7.1,96,2008,"Drama, Romance",223813,2008-05-17,Woody Allen
tt0498380,9,2015-02-08,Letters from Iwo Jima,https://www.imdb.com/title/tt0498380/,movie,7.9,141,2006,"Drama, History, War",144528,2006-11-15,Clint Eastwood
tt0049949,7,2015-03-06,While the City Sleeps,https://www.imdb.com/title/tt0049949/,movie,7.0,100,1956,"Crime, Drama, Film-Noir, Thriller",4629,1956-04-30,Fritz Lang
tt0050083,9,2015-02-07,12 Angry Men,https://www.imdb.com/title/tt0050083/,movie,8.9,96,1957,Drama,572066,1957-04-10,Sidney Lumet
tt0050212,9,2017-04-16,The Bridge on the River Kwai,https://www.imdb.com/title/tt0050212/,movie,8.2,161,1957,"Adventure, Drama, War",182053,1957-10-02,David Lean
tt0050825,9,2017-04-13,Paths of Glory,https://www.imdb.com/title/tt0050825/,movie,8.4,88,1957,"Drama, War",151196,1957-11-01,Stanley Kubrick
tt0051201,9,2017-08-01,Witness for the Prosecution,https://www.imdb.com/title/tt0051201/,movie,8.4,116,1957,"Crime, Drama, Mystery, Thriller",87991,1957-12-17,Billy Wilder
tt0051207,7,2015-03-06,The Wrong Man,https://www.imdb.com/title/tt0051207/,movie,7.5,105,1956,"Drama, Film-Noir",22337,1956-12-22,Alfred Hitchcock
tt0051378,9,2016-04-27,Ascenseur pour l'échafaud,https://www.imdb.com/title/tt0051378/,movie,8.0,91,1958,"Crime, Drama, Thriller",17669,1958-01-29,Louis Malle
tt5157326,8,2018-01-27,Western,https://www.imdb.com/title/tt5157326/,movie,7.1,121,2017,Drama,1997,2017-02-16,Valeska Grisebach
tt5168192,7,2018-12-10,"I, Daniel Blake",https://www.imdb.com/title/tt5168192/,movie,7.9,100,2016,Drama,41348,2016-05-13,Ken Loach
tt5189670,7,2016-01-22,Making a Murderer,https://www.imdb.com/title/tt5189670/,tvSeries,8.7,60,2015,"Documentary, Crime",73923,2015-12-18,
tt5197860,6,2018-03-19,Tabula Rasa,https://www.imdb.com/title/tt5197860/,tvSeries,8.1,60,2017,Thriller,4861,2017-10-29,
tt0052357,9,2015-02-14,Vertigo,https://www.imdb.com/title/tt0052357/,movie,8.3,128,1958,"Mystery, Romance, Thriller",310591,1958-05-09,Alfred Hitchcock
tt0052618,9,2017-11-25,Ben-Hur,https://www.imdb.com/title/tt0052618/,movie,8.1,212,1959,"Adventure, Drama, History",196753,1959-11-18,William Wyler
tt0052893,7,2015-05-22,Hiroshima mon amour,https://www.imdb.com/title/tt0052893/,movie,8.0,90,1959,"Drama, Romance",24058,1959-05-08,Alain Resnais
tt0053125,8,2016-02-06,North by Northwest,https://www.imdb.com/title/tt0053125/,movie,8.3,136,1959,"Adventure, Mystery, Thriller",264618,1959-07-01,Alfred Hitchcock
tt0053198,7,2018-05-22,Les quatre cents coups,https://www.imdb.com/title/tt0053198/,movie,8.1,99,1959,"Crime, Drama",89567,1959-05-04,François Truffaut
tt0053291,7,2017-02-18,Some Like It Hot,https://www.imdb.com/title/tt0053291/,movie,8.2,121,1959,"Comedy, Romance",214012,1959-03-19,Billy Wilder
tt0053472,7,2016-02-27,À bout de souffle,https://www.imdb.com/title/tt0053472/,movie,7.9,90,1960,"Crime, Drama",62730,1960-03-16,Jean-Luc Godard
tt0053604,8,2015-02-25,The Apartment,https://www.imdb.com/title/tt0053604/,movie,8.3,125,1960,"Comedy, Drama, Romance",138900,1960-06-15,Billy Wilder
tt5362988,7,2018-06-19,Wind River,https://www.imdb.com/title/tt5362988/,movie,7.7,107,2017,"Crime, Drama, Mystery, Thriller",155488,2017-01-21,Taylor Sheridan
tt0054047,8,2016-09-23,The Magnificent Seven,https://www.imdb.com/title/tt0054047/,movie,7.8,128,1960,"Action, Adventure, Western",79158,1960-10-12,John Sturges
tt0054215,9,2015-02-07,Psycho,https://www.imdb.com/title/tt0054215/,movie,8.5,109,1960,"Horror, Mystery, Thriller",519876,1960-06-16,Alfred Hitchcock
tt0054997,8,2015-12-21,The Hustler,https://www.imdb.com/title/tt0054997/,movie,8.0,134,1961,"Drama, Sport",69493,1961-09-25,Robert Rossen
tt5501158,8,2018-07-25,"Ni juge, ni soumise",https://www.imdb.com/title/tt5501158/,movie,7.5,100,2017,Documentary,449,2017-09-18,"Yves Hinant, Jean Libon"
tt5541848,4,2017-10-04,What the Health,https://www.imdb.com/title/tt5541848/,movie,7.8,97,2017,Documentary,22066,2017-03-07,"Keegan Kuhn, Kip Andersen"
tt0056172,9,2015-02-07,Lawrence of Arabia,https://www.imdb.com/title/tt0056172/,movie,8.3,216,1962,"Adventure, Biography, Drama, History, War",235329,1962-12-10,David Lean
tt5635086,7,2018-06-13,God's Own Country,https://www.imdb.com/title/tt5635086/,movie,7.7,104,2017,"Drama, Romance",15719,2017-01-23,Francis Lee
tt0056592,9,2015-08-25,To Kill a Mockingbird,https://www.imdb.com/title/tt0056592/,movie,8.3,129,1962,"Crime, Drama",264816,1962-12-25,Robert Mulligan
tt0056751,7,2018-01-31,Doctor Who,https://www.imdb.com/title/tt0056751/,tvSeries,8.4,45,1963,"Adventure, Drama, Family, Sci-Fi",31962,1963-11-23,
tt0056869,8,2018-10-29,The Birds,https://www.imdb.com/title/tt0056869/,movie,7.7,119,1963,"Drama, Horror, Mystery, Romance",151272,1963-03-28,Alfred Hitchcock
tt0057012,8,2016-12-12,Dr. Strangelove or: How I Learned to Stop Worrying and Love the Bomb,https://www.imdb.com/title/tt0057012/,movie,8.4,95,1964,Comedy,405227,1964-01-29,Stanley Kubrick
tt0057115,8,2016-07-28,The Great Escape,https://www.imdb.com/title/tt0057115/,movie,8.2,172,1963,"Adventure, Drama, History, Thriller, War",200484,1963-06-20,John Sturges
tt0057413,7,2017-02-14,The Pink Panther,https://www.imdb.com/title/tt0057413/,movie,7.2,115,1963,"Comedy, Crime, Romance",43673,1963-12-18,Blake Edwards
tt0058461,8,2018-10-27,Per un pugno di dollari,https://www.imdb.com/title/tt0058461/,movie,8.0,99,1964,Western,173708,1964-09-12,Sergio Leone
tt0058777,8,2017-05-05,Zulu,https://www.imdb.com/title/tt0058777/,movie,7.8,138,1964,"Drama, History, War",32687,1964-01-22,Cy Endfield
tt0059113,8,2018-10-01,Doctor Zhivago,https://www.imdb.com/title/tt0059113/,movie,8.0,197,1965,"Drama, Romance, War",63019,1965-12-22,David Lean
tt0059578,9,2017-08-05,Per qualche dollaro in più,https://www.imdb.com/title/tt0059578/,movie,8.3,132,1965,Western,198721,1965-12-18,Sergio Leone
tt0059742,9,2015-02-08,The Sound of Music,https://www.imdb.com/title/tt0059742/,movie,8.0,172,1965,"Biography, Drama, Family, Musical, Romance",176689,1965-03-02,Robert Wise
tt0060196,10,2017-04-16,"Il buono, il brutto, il cattivo",https://www.imdb.com/title/tt0060196/,movie,8.9,161,1966,Western,603475,1966-12-23,Sergio Leone
tt6048596,8,2018-05-21,The Sinner,https://www.imdb.com/title/tt6048596/,tvSeries,8.0,60,2017,"Crime, Drama, Mystery, Thriller",48475,2017-04-25,
tt6112352,9,2018-11-13,The Amsterdam Project,https://www.imdb.com/title/tt6112352/,tvSeries,9.7,,2016,Reality-TV,6,2016-10-25,
tt0061811,9,2016-09-17,In the Heat of the Night,https://www.imdb.com/title/tt0061811/,movie,8.0,110,1967,"Crime, Drama, Mystery, Thriller",58509,1967-08-02,Norman Jewison
tt0062622,6,2015-03-06,2001: A Space Odyssey,https://www.imdb.com/title/tt0062622/,movie,8.3,149,1968,"Adventure, Sci-Fi",525662,1968-04-02,Stanley Kubrick
tt0064115,8,2016-05-06,Butch Cassidy and the Sundance Kid,https://www.imdb.com/title/tt0064115/,movie,8.1,110,1969,"Biography, Crime, Drama, Western",182892,1969-09-23,George Roy Hill
tt0064116,8,2015-02-07,C'era una volta il West,https://www.imdb.com/title/tt0064116/,movie,8.5,165,1968,Western,263769,1968-12-20,Sergio Leone
tt0064665,7,2017-12-18,Midnight Cowboy,https://www.imdb.com/title/tt0064665/,movie,7.9,113,1969,Drama,88180,1969-05-25,John Schlesinger
tt6470478,8,2018-02-12,The Good Doctor,https://www.imdb.com/title/tt6470478/,tvSeries,8.3,41,2017,Drama,38367,2017-09-25,
tt0067093,7,2015-02-21,Fiddler on the Roof,https://www.imdb.com/title/tt0067093/,movie,8.0,181,1971,"Drama, Family, Musical, Romance",34276,1971-10-21,Norman Jewison
tt0067116,7,2015-12-26,The French Connection,https://www.imdb.com/title/tt0067116/,movie,7.8,104,1971,"Action, Crime, Drama, Thriller",97049,1971-10-07,William Friedkin
tt0068646,9,2015-03-05,The Godfather,https://www.imdb.com/title/tt0068646/,movie,9.2,175,1972,"Crime, Drama",1394402,1972-03-14,Francis Ford Coppola
tt6896536,8,2018-03-26,Foxtrot,https://www.imdb.com/title/tt6896536/,movie,7.4,113,2017,Drama,4003,2017-08-28,Samuel Maoz
tt6921996,8,2018-10-06,Johnny English Strikes Again,https://www.imdb.com/title/tt6921996/,movie,6.3,89,2018,"Action, Adventure, Comedy",28459,2018-09-13,David Kerr
tt6932818,9,2019-01-01,De Dirigent,https://www.imdb.com/title/tt6932818/,movie,7.2,137,2018,Drama,289,2018-10-25,Maria Peters
tt0069947,8,2015-09-03,The Day of the Jackal,https://www.imdb.com/title/tt0069947/,movie,7.8,143,1973,"Crime, Drama, Thriller",33847,1973-05-16,Fred Zinnemann
tt7048622,8,2018-04-10,L'insulte,https://www.imdb.com/title/tt7048622/,movie,7.7,113,2017,Drama,9580,2017-08-31,Ziad Doueiri
tt0070735,7,2015-05-27,The Sting,https://www.imdb.com/title/tt0070735/,movie,8.3,129,1973,"Comedy, Crime, Drama",213629,1973-12-25,George Roy Hill
tt0071315,8,2018-04-23,Chinatown,https://www.imdb.com/title/tt0071315/,movie,8.2,130,1974,"Drama, Mystery, Thriller",259519,1974-06-20,Roman Polanski
tt0071562,8,2015-02-07,The Godfather: Part II,https://www.imdb.com/title/tt0071562/,movie,9.0,202,1974,"Crime, Drama",966329,1974-12-12,Francis Ford Coppola
tt0071853,5,2015-03-06,Monty Python and the Holy Grail,https://www.imdb.com/title/tt0071853/,movie,8.3,91,1975,"Adventure, Comedy, Fantasy",449179,1975-03-14,"Terry Jones, Terry Gilliam"
tt0073195,8,2018-02-07,Jaws,https://www.imdb.com/title/tt0073195/,movie,8.0,124,1975,"Adventure, Drama, Thriller",497128,1975-06-20,Steven Spielberg
tt0073486,9,2015-02-07,One Flew Over the Cuckoo's Nest,https://www.imdb.com/title/tt0073486/,movie,8.7,133,1975,Drama,807866,1975-11-19,Milos Forman
tt0074119,8,2016-01-15,All the President's Men,https://www.imdb.com/title/tt0074119/,movie,8.0,138,1976,"Biography, Drama, History, Thriller",89242,1976-04-04,Alan J. Pakula
tt0074958,7,2017-10-21,Network,https://www.imdb.com/title/tt0074958/,movie,8.1,121,1976,Drama,127817,1976-11-14,Sidney Lumet
tt0075029,8,2018-12-22,The Outlaw Josey Wales,https://www.imdb.com/title/tt0075029/,movie,7.9,135,1976,Western,58607,1976-06-26,Clint Eastwood
tt0075148,8,2018-07-03,Rocky,https://www.imdb.com/title/tt0075148/,movie,8.1,120,1976,"Drama, Sport",459210,1976-11-20,John G. Avildsen
tt7516844,8,2018-01-11,Roof Culture Asia,https://www.imdb.com/title/tt7516844/,movie,9.2,,2017,"Adventure, Sport",66,2017-09-03,
tt0075314,9,2015-02-07,Taxi Driver,https://www.imdb.com/title/tt0075314/,movie,8.3,114,1976,"Crime, Drama",617759,1976-02-07,Martin Scorsese
tt0075686,9,2017-10-16,Annie Hall,https://www.imdb.com/title/tt0075686/,movie,8.0,93,1977,"Comedy, Romance",232510,1977-03-27,Woody Allen
tt0075784,8,2016-06-11,A Bridge Too Far,https://www.imdb.com/title/tt0075784/,movie,7.4,175,1977,"Drama, History, War",46170,1977-06-15,Richard Attenborough
tt0758758,9,2015-02-07,Into the Wild,https://www.imdb.com/title/tt0758758/,movie,8.1,148,2007,"Adventure, Biography, Drama",513167,2007-09-01,Sean Penn
tt0765010,8,2018-11-12,Brothers,https://www.imdb.com/title/tt0765010/,movie,7.1,105,2009,"Drama, War",100925,2009-11-22,Jim Sheridan
tt0076734,8,2015-02-24,Soldaat van Oranje,https://www.imdb.com/title/tt0076734/,movie,7.8,155,1977,"Drama, Romance, Thriller, War",10023,1977-09-22,Paul Verhoeven
tt0076759,8,2015-02-07,Star Wars,https://www.imdb.com/title/tt0076759/,movie,8.6,121,1977,"Action, Adventure, Fantasy, Sci-Fi",1091280,1977-05-25,George Lucas
tt0077416,9,2015-02-07,The Deer Hunter,https://www.imdb.com/title/tt0077416/,movie,8.1,183,1978,"Drama, War",278167,1978-12-08,Michael Cimino
tt0780536,7,2017-09-23,In Bruges,https://www.imdb.com/title/tt0780536/,movie,7.9,107,2008,"Comedy, Crime, Drama, Thriller",354332,2008-01-17,Martin McDonagh
tt0078748,8,2015-02-07,Alien,https://www.imdb.com/title/tt0078748/,movie,8.5,116,1979,"Horror, Sci-Fi",693237,1979-05-25,Ridley Scott
tt0078788,8,2015-02-07,Apocalypse Now,https://www.imdb.com/title/tt0078788/,movie,8.5,147,1979,"Drama, War",533170,1979-05-19,Francis Ford Coppola
tt0790636,9,2017-05-26,Dallas Buyers Club,https://www.imdb.com/title/tt0790636/,movie,8.0,117,2013,"Biography, Drama",392130,2013-09-07,Jean-Marc Vallée
tt0079116,8,2015-11-19,Escape from Alcatraz,https://www.imdb.com/title/tt0079116/,movie,7.6,112,1979,"Biography, Crime, Drama, Thriller",102015,1979-06-22,Don Siegel
tt0795176,8,2016-01-22,Planet Earth,https://www.imdb.com/title/tt0795176/,tvMiniSeries,9.4,533,2006,Documentary,140413,2006-02-27,
tt0079522,8,2017-09-09,Manhattan,https://www.imdb.com/title/tt0079522/,movie,8.0,96,1979,"Comedy, Drama, Romance",119504,1979-04-18,Woody Allen
tt0795441,7,2015-03-08,Oorlogswinter,https://www.imdb.com/title/tt0795441/,movie,7.0,103,2008,"Drama, History, War",11393,2008-11-17,Martin Koolhoven
tt7959216,8,2018-08-21,Utøya 22. juli,https://www.imdb.com/title/tt7959216/,movie,7.5,93,2018,"Drama, Thriller",5306,2018-02-19,Erik Poppe
tt0804503,9,2015-06-26,Mad Men,https://www.imdb.com/title/tt0804503/,tvSeries,8.6,47,2007,Drama,174090,2007-07-19,
tt0080684,8,2015-02-07,Star Wars: Episode V - The Empire Strikes Back,https://www.imdb.com/title/tt0080684/,movie,8.8,124,1980,"Action, Adventure, Fantasy, Sci-Fi",1021243,1980-05-17,Irvin Kershner
tt0081398,8,2017-05-04,Raging Bull,https://www.imdb.com/title/tt0081398/,movie,8.2,129,1980,"Biography, Drama, Sport",280620,1980-11-13,Martin Scorsese
tt0814314,7,2017-03-10,Seven Pounds,https://www.imdb.com/title/tt0814314/,movie,7.6,123,2008,"Drama, Romance",263304,2008-12-19,Gabriele Muccino
tt0081505,8,2017-12-01,The Shining,https://www.imdb.com/title/tt0081505/,movie,8.4,146,1980,"Drama, Horror",754767,1980-05-23,Stanley Kubrick
tt0816692,8,2015-02-07,Interstellar,https://www.imdb.com/title/tt0816692/,movie,8.6,169,2014,"Adventure, Drama, Sci-Fi",1242721,2014-10-26,Christopher Nolan
tt0082096,9,2015-02-07,Das Boot,https://www.imdb.com/title/tt0082096/,movie,8.4,149,1981,"Adventure, Drama, Thriller, War",203466,1981-09-17,Wolfgang Petersen
tt0826760,9,2015-07-08,Forbrydelsen,https://www.imdb.com/title/tt0826760/,tvSeries,8.4,57,2007,"Crime, Drama, Mystery, Thriller",21491,2007-01-07,
tt0082971,8,2015-02-07,Raiders of the Lost Ark,https://www.imdb.com/title/tt0082971/,movie,8.5,115,1981,"Action, Adventure",787927,1981-06-12,Steven Spielberg
tt0083866,8,2015-03-08,E.T. the Extra-Terrestrial,https://www.imdb.com/title/tt0083866/,movie,7.9,115,1982,"Family, Sci-Fi",328921,1982-05-26,Steven Spielberg
tt0083922,7,2018-06-30,Fanny och Alexander,https://www.imdb.com/title/tt0083922/,movie,8.1,188,1982,Drama,50949,1982-12-17,Ingmar Bergman
tt0083987,9,2017-04-13,Gandhi,https://www.imdb.com/title/tt0083987/,movie,8.1,191,1982,"Biography, Drama, History",203279,1982-11-30,Richard Attenborough
tt0848228,8,2015-02-07,The Avengers,https://www.imdb.com/title/tt0848228/,movie,8.1,143,2012,"Action, Adventure, Sci-Fi",1140428,2012-04-11,Joss Whedon
tt0086190,8,2015-02-07,Star Wars: Episode VI - Return of the Jedi,https://www.imdb.com/title/tt0086190/,movie,8.3,131,1983,"Action, Adventure, Fantasy, Sci-Fi",837699,1983-05-25,Richard Marquand
tt0086250,8,2015-02-07,Scarface,https://www.imdb.com/title/tt0086250/,movie,8.3,170,1983,"Crime, Drama",645784,1983-12-01,Brian De Palma
tt0086879,8,2017-09-30,Amadeus,https://www.imdb.com/title/tt0086879/,movie,8.3,160,1984,"Biography, Drama, History, Music",327782,1984-09-06,Milos Forman
tt0087644,7,2015-03-01,Love Streams,https://www.imdb.com/title/tt0087644/,movie,7.8,141,1984,Drama,4082,1984-02-28,John Cassavetes
tt0087843,8,2015-03-01,Once Upon a Time in America,https://www.imdb.com/title/tt0087843/,movie,8.4,229,1984,"Crime, Drama",268941,1984-05-20,Sergio Leone
tt0088247,8,2015-02-07,The Terminator,https://www.imdb.com/title/tt0088247/,movie,8.0,107,1984,"Action, Sci-Fi",710156,1984-10-26,James Cameron
tt0088763,7,2015-02-07,Back to the Future,https://www.imdb.com/title/tt0088763/,movie,8.5,116,1985,"Adventure, Comedy, Sci-Fi",903149,1985-07-03,Robert Zemeckis
tt0887912,8,2015-10-31,The Hurt Locker,https://www.imdb.com/title/tt0887912/,movie,7.6,131,2008,"Drama, Thriller, War",383978,2008-09-04,Kathryn Bigelow
tt0903624,8,2015-02-08,The Hobbit: An Unexpected Journey,https://www.imdb.com/title/tt0903624/,movie,7.9,169,2012,"Adventure, Family, Fantasy",708610,2012-11-28,Peter Jackson
tt0903747,7,2016-05-26,Breaking Bad,https://www.imdb.com/title/tt0903747/,tvSeries,9.5,49,2008,"Crime, Drama, Thriller",1143760,2008-01-20,
tt0090605,8,2015-12-28,Aliens,https://www.imdb.com/title/tt0090605/,movie,8.4,137,1986,"Action, Adventure, Sci-Fi, Thriller",585555,1986-07-14,James Cameron
tt0910970,7,2015-02-07,WALL·E,https://www.imdb.com/title/tt0910970/,movie,8.4,98,2008,"Animation, Adventure, Family, Sci-Fi",878955,2008-06-21,Andrew Stanton
tt0914798,9,2015-03-08,The Boy in the Striped Pyjamas,https://www.imdb.com/title/tt0914798/,movie,7.8,94,2008,"Drama, War",163949,2008-08-28,Mark Herman
tt0091763,8,2015-02-07,Platoon,https://www.imdb.com/title/tt0091763/,movie,8.1,120,1986,"Drama, War",343875,1986-12-19,Oliver Stone
tt0093058,9,2017-04-21,Full Metal Jacket,https://www.imdb.com/title/tt0093058/,movie,8.3,116,1987,"Drama, War",591263,1987-06-17,Stanley Kubrick
tt0936501,8,2017-12-27,Taken,https://www.imdb.com/title/tt0936501/,movie,7.8,93,2008,"Action, Crime, Thriller",530762,2008-02-27,Pierre Morel
tt0094226,8,2015-02-08,The Untouchables,https://www.imdb.com/title/tt0094226/,movie,7.9,119,1987,"Crime, Drama, Thriller",249665,1987-06-02,Brian De Palma
tt0095016,8,2015-02-07,Die Hard,https://www.imdb.com/title/tt0095016/,movie,8.2,132,1988,"Action, Thriller",703161,1988-07-12,John McTiernan
tt0095327,8,2017-10-05,Hotaru no haka,https://www.imdb.com/title/tt0095327/,movie,8.5,89,1988,"Animation, Drama, War",187770,1988-04-16,Isao Takahata
tt0095765,9,2017-09-03,Nuovo Cinema Paradiso,https://www.imdb.com/title/tt0095765/,movie,8.5,155,1988,Drama,194297,1988-09-29,Giuseppe Tornatore
tt0095953,9,2015-02-08,Rain Man,https://www.imdb.com/title/tt0095953/,movie,8.0,133,1988,Drama,432882,1988-12-12,Barry Levinson
tt0096657,9,2016-01-22,Mr. Bean,https://www.imdb.com/title/tt0096657/,tvSeries,8.5,350,1990,"Comedy, Family",84493,1990-01-01,
tt0096697,7,2016-01-22,The Simpsons,https://www.imdb.com/title/tt0096697/,tvSeries,8.7,22,1989,"Animation, Comedy",324075,1989-12-17,
tt0097165,6,2017-06-07,Dead Poets Society,https://www.imdb.com/title/tt0097165/,movie,8.1,128,1989,"Comedy, Drama",354273,1989-06-02,Peter Weir
tt0985699,8,2015-09-28,Valkyrie,https://www.imdb.com/title/tt0985699/,movie,7.1,121,2008,"Drama, History, Thriller, War",209711,2008-12-25,Bryan Singer
tt0098904,7,2018-01-31,Seinfeld,https://www.imdb.com/title/tt0098904/,tvSeries,8.9,22,1989,Comedy,215912,1989-07-05,
tt0098936,8,2015-06-26,Twin Peaks,https://www.imdb.com/title/tt0098936/,tvSeries,8.8,47,1990,"Crime, Drama, Mystery, Thriller",148706,1989-09-30,
tt0099077,8,2016-04-11,Awakenings,https://www.imdb.com/title/tt0099077/,movie,7.8,121,1990,"Biography, Drama",109226,1990-12-12,Penny Marshall
tt0099348,8,2015-02-08,Dances with Wolves,https://www.imdb.com/title/tt0099348/,movie,8.0,181,1990,"Adventure, Drama, Western",215373,1990-10-19,Kevin Costner
tt0993846,3,2015-02-07,The Wolf of Wall Street,https://www.imdb.com/title/tt0993846/,movie,8.2,180,2013,"Biography, Comedy, Crime, Drama",997439,2013-12-17,Martin Scorsese
tt0099674,8,2016-12-15,The Godfather: Part III,https://www.imdb.com/title/tt0099674/,movie,7.6,162,1990,"Crime, Drama",319622,1990-12-12,Francis Ford Coppola
tt0099685,8,2015-02-07,Goodfellas,https://www.imdb.com/title/tt0099685/,movie,8.7,146,1990,"Crime, Drama",877186,1990-09-09,Martin Scorsese
tt0099785,7,2015-03-08,Home Alone,https://www.imdb.com/title/tt0099785/,movie,7.5,103,1990,"Comedy, Family",395688,1990-11-10,Chris Columbus
